date,id,program
11/6/2024,C02,Welding Technology
11/6/2024,C03,Architecture and Engineering Design Technology
11/6/2024,B05,Diesel Service Technology
11/6/2024,B04,Health Science- Pre-Professional
11/6/2024,A03,Diesel Service Technology
11/6/2024,A03,Diesel Service Technology
11/6/2024,A05,Media Communications and Broadcasting
11/6/2024,A06,Diesel Service Technology
11/6/2024,B06,Electrical Technology
11/6/2024,A04,Automotive Service Technology
11/6/2024,A02,Health Science- Pre-Professional
11/6/2024,B07,Architecture and Engineering Design Technology
11/6/2024,C05,Automotive Service Technology
11/6/2024,A08,Diesel Service Technology
11/6/2024,C06,Architecture and Engineering Design Technology
11/6/2024,B09,Diesel Service Technology
11/6/2024,C08,Architecture and Engineering Design Technology
11/6/2024,B0A,Architecture and Engineering Design Technology
11/6/2024,C05,Automotive Service Technology
11/6/2024,A03,Automotive Service Technology
11/6/2024,C07,Health Science- Pre-Professional
11/6/2024,A0A,Health Science- Pre-Professional
11/6/2024,C0A,Health Science- Pre-Professional
11/6/2024,C09,Health Science- Pre-Professional
11/6/2024,B0B,Electrical Technology
11/6/2024,C0D,Precision Machine Metalworking Technology
11/6/2024,C0C,Precision Machine Metalworking Technology
11/6/2024,B06,Building Construction Technology
11/6/2024,B0E,Graphic Communications Digital Media
11/6/2024,C05,Automotive Service Technology
11/6/2024,A0E,Diesel Service Technology
11/6/2024,A0B,Building Construction Technology
11/6/2024,C0E,Public Safety Criminal Justice
11/6/2024,C0D,Welding Technology
11/6/2024,C0C,Welding Technology
11/6/2024,A08,Precision Machine Metalworking Technology
11/6/2024,C10,Media Communications and Broadcasting
11/6/2024,A03,Automotive Service Technology
11/6/2024,B0C,Health Science- Exercise Science
11/6/2024,B0F,HVAC -R and Energy Systems
11/6/2024,A04,Automotive Collision Repair Technology
11/6/2024,A03,Diesel Service Technology
11/6/2024,B0D,Automotive Service Technology
11/6/2024,C05,Automotive Service Technology
11/6/2024,C11,HVAC -R and Energy Systems
11/6/2024,A0D,Automotive Service Technology
11/6/2024,B10,Automotive Collision Repair Technology
11/6/2024,A10,Public Safety Criminal Justice
11/6/2024,B11,Public Safety Criminal Justice
11/6/2024,B12,Public Safety Criminal Justice
11/6/2024,C02,Automotive Collision Repair Technology
11/6/2024,A0E,Automotive Service Technology
11/6/2024,C13,Health Science- Pre-Professional
11/6/2024,A03,Automotive Collision Repair Technology
11/6/2024,B0A,Precision Machine Metalworking Technology
11/6/2024,B14,Public Safety Criminal Justice
11/6/2024,C14,Health Science- Pre-Professional
11/6/2024,C15,Electrical Technology
11/6/2024,C14,Health Science- Pre-Professional
11/6/2024,A11,Health Science- Pre-Professional
11/6/2024,A12,Health Science- Pre-Professional
11/6/2024,A14,Public Safety Criminal Justice
11/6/2024,B13,Health Science- Pre-Professional
11/6/2024,B0B,HVAC -R and Energy Systems
11/6/2024,C18,Culinary Arts
11/6/2024,A13,Health Science- Pre-Professional
11/6/2024,C17,Electrical Technology
11/6/2024,A15,Culinary Arts
11/6/2024,B17,Electrical Technology
11/6/2024,B0E,Computer Science Software Development
11/6/2024,A04,Precision Machine Metalworking Technology
11/6/2024,B16,Precision Machine Metalworking Technology
11/6/2024,A14,Culinary Arts
11/6/2024,A0F,Building Construction Technology
11/6/2024,C06,Precision Machine Metalworking Technology
11/6/2024,B10,Automotive Service Technology
11/6/2024,C08,Precision Machine Metalworking Technology
11/6/2024,A03,Electrical Technology
11/6/2024,A0E,Automotive Collision Repair Technology
11/6/2024,B06,Welding Technology
11/6/2024,C18,Media Communications and Broadcasting
11/6/2024,B04,Health Science- Exercise Science
11/6/2024,B19,Culinary Arts
11/6/2024,B12,Public Safety Criminal Justice
11/6/2024,B0F,Welding Technology
11/6/2024,A0F,Welding Technology
11/6/2024,A16,Culinary Arts
11/6/2024,A08,Welding Technology
11/6/2024,C0F,Building Construction Technology
11/6/2024,A0C,Electrical Technology
11/6/2024,C11,Electrical Technology
11/6/2024,C1C,Precision Machine Metalworking Technology
11/6/2024,B1A,Automotive Service Technology
11/6/2024,B18,Public Safety Criminal Justice
11/6/2024,B0C,Health Science- Exercise Science
11/6/2024,C15,Welding Technology
11/6/2024,B1A,Diesel Service Technology
11/6/2024,A1A,Electrical Technology
11/6/2024,C1B,Health Science- Pre-Professional
11/6/2024,C05,Electrical Technology
11/6/2024,C1C,Welding Technology
11/6/2024,B1B,Health Science- Pre-Professional
11/6/2024,A18,Public Safety Criminal Justice
11/6/2024,A10,Culinary Arts
11/6/2024,C0D,Diesel Service Technology
11/6/2024,C0C,Diesel Service Technology
11/6/2024,A18,Architecture and Engineering Design Technology
11/6/2024,A1A,HVAC -R and Energy Systems
11/6/2024,C1E,Welding Technology
11/6/2024,B16,Health Science- Pre-Professional
11/6/2024,C0F,Automotive Service Technology
11/6/2024,B08,Building Construction Technology
11/6/2024,B17,Electrical Technology
11/6/2024,A0E,Precision Machine Metalworking Technology
11/6/2024,B17,Electrical Technology
11/6/2024,B08,Electrical Technology
11/6/2024,C1D,Media Communications and Broadcasting
11/6/2024,A09,Public Safety Criminal Justice
11/6/2024,B1D,Building Construction Technology
11/6/2024,B1C,Media Communications and Broadcasting
11/6/2024,B08,Advanced Manufacturing Technology
11/6/2024,B04,Health Science- Pre-Professional
11/6/2024,B1D,Electrical Technology
11/6/2024,B0E,Cyber Security
11/6/2024,A0F,Diesel Service Technology
11/6/2024,C10,Welding Technology
11/6/2024,BT8,Building Construction Technology
11/6/2024,B0C,Welding Technology
11/6/2024,A0C,Welding Technology
11/6/2024,B07,Building Construction Technology
11/6/2024,B10,Diesel Service Technology
11/6/2024,B0D,Health Science- Pre-Professional
11/6/2024,A0D,Building Construction Technology
11/6/2024,C22,Health Science- Exercise Science
11/6/2024,A20,Building Construction Technology
11/6/2024,B0D,Building Construction Technology
11/6/2024,C15,Building Construction Technology
11/6/2024,B20,Electrical Technology
11/6/2024,C03,Cyber Security
11/6/2024,C1C,Electrical Technology
11/6/2024,A20,Welding Technology
11/6/2024,B21,Welding Technology
11/6/2024,A06,Welding Technology
11/6/2024,B1F,Architecture and Engineering Design Technology
11/6/2024,B20,Building Construction Technology
11/6/2024,C1E,Diesel Service Technology
11/6/2024,C1C,Diesel Service Technology
11/6/2024,A10,Health Science- Pre-Professional
11/6/2024,B0C,Diesel Service Technology
11/6/2024,A1D,Public Safety Criminal Justice
11/6/2024,A0C,Diesel Service Technology
11/6/2024,C25,Welding Technology
11/6/2024,A18,Cyber Security
11/6/2024,A22,Automotive Service Technology
11/6/2024,C25,Welding Technology
11/6/2024,A0E,Welding Technology
11/6/2024,B15,Welding Technology
11/6/2024,B1D,Welding Technology
11/6/2024,C0C,Architecture and Engineering Design Technology
11/6/2024,A22,Automotive Service Technology
11/6/2024,B25,Culinary Arts
11/6/2024,B11,Veterinary Science
11/6/2024,A1C,Computer Science Software Development
11/6/2024,B05,Automotive Service Technology
11/6/2024,C0D,Automotive Service Technology
11/6/2024,C20,Electrical Technology
11/6/2024,C1F,Computer Science Software Development
11/6/2024,C23,Veterinary Science
11/6/2024,C23,Veterinary Science
11/6/2024,A24,Automotive Service Technology
11/6/2024,C03,Computer Science Software Development
11/6/2024,A11,Culinary Arts
11/6/2024,B0D,Welding Technology
11/6/2024,A0D,Welding Technology
11/6/2024,C27,Cyber Security
11/6/2024,A12,Culinary Arts
11/6/2024,B23,Architecture and Engineering Design Technology
11/6/2024,C27,Computer Science Software Development
11/6/2024,A23,Culinary Arts
11/6/2024,B1F,Architecture and Engineering Design Technology
11/6/2024,A24,Computer Science Software Development
11/6/2024,B26,Architecture and Engineering Design Technology
11/6/2024,C24,Diesel Service Technology
11/6/2024,B13,Media Communications and Broadcasting
11/6/2024,C24,Diesel Service Technology
11/6/2024,C24,Automotive Service Technology
11/6/2024,C29,Architecture and Engineering Design Technology
11/6/2024,A25,Cyber Security
11/6/2024,B1B,Health Science- Exercise Science
11/6/2024,A25,Computer Science Software Development
11/6/2024,C21,Electrical Technology
11/6/2024,C0D,Automotive Collision Repair Technology
11/6/2024,C24,Diesel Service Technology
11/6/2024,C21,Electrical Technology
11/6/2024,C1E,Automotive Service Technology
11/6/2024,C0C,Automotive Collision Repair Technology
11/6/2024,A1C,HVAC -R and Energy Systems
11/6/2024,A26,Welding Technology
11/6/2024,A27,Health Science- Exercise Science
11/6/2024,B29,Health Science- Exercise Science
11/6/2024,A0D,Welding Technology
11/6/2024,B22,Public Safety Criminal Justice
11/6/2024,B0D,Welding Technology
11/6/2024,B05,Automotive Collision Repair Technology
11/6/2024,C16,Health Science- Pre-Professional
11/6/2024,B0D,Architecture and Engineering Design Technology
11/6/2024,A0D,Architecture and Engineering Design Technology
11/6/2024,A13,Health Science- Exercise Science
11/6/2024,B2A,Public Safety Criminal Justice
11/6/2024,A29,Public Safety Criminal Justice
11/6/2024,A29,Public Safety Criminal Justice
11/6/2024,C24,Building Construction Technology
11/6/2024,C2A,Architecture and Engineering Design Technology
11/6/2024,A0C,Automotive Service Technology
11/6/2024,C2B,Automotive Collision Repair Technology
11/6/2024,C2B,Automotive Collision Repair Technology
11/6/2024,B16,Architecture and Engineering Design Technology
11/6/2024,C2A,Architecture and Engineering Design Technology
11/6/2024,C02,Electrical Technology
11/6/2024,A18,Precision Machine Metalworking Technology
11/6/2024,B0C,Automotive Collision Repair Technology
11/6/2024,A0E,Architecture and Engineering Design Technology
11/6/2024,A2A,Architecture and Engineering Design Technology
11/6/2024,B2C,Public Safety Criminal Justice
11/6/2024,B2B,Health Science- Exercise Science
11/6/2024,A1E,Diesel Service Technology
11/6/2024,B26,Computer Science Software Development
11/6/2024,B2C,Architecture and Engineering Design Technology
11/6/2024,A18,Welding Technology
11/6/2024,C28,Computer Science Software Development
11/6/2024,B2A,Public Safety Criminal Justice
11/6/2024,A2C,Health Science- Exercise Science
11/6/2024,C1D,Public Safety Criminal Justice
11/6/2024,B1C,Public Safety Criminal Justice
11/6/2024,A28,HVAC -R and Energy Systems
11/6/2024,A1C,Cyber Security
11/6/2024,A28,Building Construction Technology
11/6/2024,C21,Welding Technology
11/6/2024,A28,Electrical Technology
11/6/2024,C28,Health Science- Pre-Professional
11/6/2024,B26,Health Science- Pre-Professional
11/6/2024,C0D,Electrical Technology
11/6/2024,C30,Public Safety Criminal Justice
11/6/2024,C0C,Electrical Technology
11/6/2024,C1E,Precision Machine Metalworking Technology
11/6/2024,A19,Architecture and Engineering Design Technology
11/6/2024,B26,Computer Science Software Development
11/6/2024,A0E,Building Construction Technology
11/6/2024,A2D,Computer Science Software Development
11/6/2024,A1E,Welding Technology
11/6/2024,A19,Architecture and Engineering Design Technology
11/6/2024,B30,Cyber Security
11/6/2024,C30,Automotive Collision Repair Technology
11/6/2024,B24,Building Construction Technology
11/6/2024,C31,Automotive Service Technology
11/6/2024,C2B,Precision Machine Metalworking Technology
11/6/2024,C1F,Welding Technology
11/6/2024,B30,Computer Science Software Development
11/6/2024,B31,Public Safety Criminal Justice
11/6/2024,C2B,Precision Machine Metalworking Technology
11/6/2024,B22,Automotive Collision Repair Technology
11/6/2024,A23,Media Communications and Broadcasting
11/6/2024,A25,Architecture and Engineering Design Technology
11/6/2024,D23,Welding Technology
11/6/2024,B0A,Automotive Service Technology
11/6/2024,A17,Media Communications and Broadcasting
11/6/2024,B0C,Public Safety Criminal Justice
11/6/2024,B33,Automotive Service Technology
11/6/2024,B33,Diesel Service Technology
11/6/2024,B26,Automotive Collision Repair Technology
11/6/2024,C28,Automotive Collision Repair Technology
11/6/2024,B18,Media Communications and Broadcasting
11/6/2024,B2F,Welding Technology
11/6/2024,A18,Diesel Service Technology
11/6/2024,C1D,Health Science- Pre-Professional
11/6/2024,B34,Health Science- Pre-Professional
11/6/2024,C21,Diesel Service Technology
11/6/2024,B1C,Health Science- Pre-Professional
11/6/2024,C30,Automotive Service Technology
11/6/2024,C1F,Automotive Collision Repair Technology
11/6/2024,C18,Public Safety Criminal Justice
11/6/2024,C17,Precision Machine Metalworking Technology
11/6/2024,A32,Architecture and Engineering Design Technology
11/6/2024,A22,Welding Technology
11/6/2024,B33,Electrical Technology
11/6/2024,A17,Building Construction Technology
11/6/2024,C30,Welding Technology
11/6/2024,A1C,Public Safety Criminal Justice
11/6/2024,C36,Automotive Service Technology
11/6/2024,B38,Automotive Service Technology
11/6/2024,A05,HVAC -R and Energy Systems
11/6/2024,A05,Computer Science Software Development
11/6/2024,B18,Automotive Service Technology
11/6/2024,A1D,Media Communications and Broadcasting
11/6/2024,B2F,Automotive Service Technology
11/6/2024,B23,Precision Machine Metalworking Technology
11/6/2024,C0C,Automotive Service Technology
11/6/2024,B34,Culinary Arts
11/6/2024,B2F,Automotive Collision Repair Technology
11/6/2024,C39,Precision Machine Metalworking Technology
11/6/2024,C2B,Electrical Technology
11/6/2024,B3C,Health Science- Exercise Science
11/6/2024,B15,Electrical Technology
11/6/2024,C38,Health Science- Pre-Professional
11/6/2024,C31,Architecture and Engineering Design Technology
11/6/2024,A22,HVAC -R and Energy Systems
11/6/2024,B23,Advanced Manufacturing Technology
11/6/2024,C28,Media Communications and Broadcasting
11/6/2024,B26,Media Communications and Broadcasting
11/6/2024,A26,Building Construction Technology
11/6/2024,C21,Diesel Service Technology
11/6/2024,C21,Automotive Collision Repair Technology
11/6/2024,C31,Advanced Manufacturing Technology
11/6/2024,B35,Architecture and Engineering Design Technology
11/6/2024,B42,Public Safety Criminal Justice
11/6/2024,C2E,Veterinary Science
11/6/2024,C2E,Health Science- Pre-Professional
11/6/2024,C2E,Architecture and Engineering Design Technology
11/6/2024,A2B,Automotive Service Technology
11/6/2024,A2B,Diesel Service Technology
11/6/2024,D01,Automotive Service Technology
11/6/2024,D01,Automotive Collision Repair Technology
11/16/2024,S361,Culinary Arts
11/16/2024,S205,Culinary Arts
11/16/2024,S044,Welding Technology
11/16/2024,S020,Welding Technology
11/16/2024,S056,Welding Technology
11/16/2024,S337,Welding Technology
11/16/2024,S325,Welding Technology
11/16/2024,S299,Culinary Arts
11/16/2024,S010,HVAC -R and Energy Systems
11/16/2024,S227,Graphic Communications Digital Media
11/16/2024,S347,Welding Technology
11/16/2024,S145,Graphic Communications Digital Media
11/16/2024,S024,Graphic Communications Digital Media
11/16/2024,S247,Culinary Arts
11/16/2024,S325,Welding Technology
11/16/2024,S229,Graphic Communications Digital Media
11/16/2024,S394,Welding Technology
11/16/2024,S346,Welding Technology
11/16/2024,S359,Welding Technology
11/16/2024,S001,Welding Technology
11/16/2024,S286,Welding Technology
11/16/2024,S271,Culinary Arts
11/16/2024,S193,Welding Technology
11/16/2024,S383,Graphic Communications Digital Media
11/16/2024,S067,Culinary Arts
11/16/2024,S245,Welding Technology
11/16/2024,S028,Graphic Communications Digital Media
11/16/2024,S334,Culinary Arts
11/16/2024,S349,Welding Technology
11/16/2024,S335,Graphic Communications Digital Media
11/16/2024,S259,Culinary Arts
11/16/2024,S032,Welding Technology
11/16/2024,S213,Welding Technology
11/16/2024,S333,Welding Technology
11/16/2024,S083,Welding Technology
11/16/2024,S379,Graphic Communications Digital Media
11/16/2024,S012,Advanced Manufacturing Technology
11/16/2024,S141,Culinary Arts
11/16/2024,S165,Welding Technology
11/16/2024,S239,HVAC -R and Energy Systems
11/16/2024,S143,Electrical Technology
11/16/2024,S119,Building Construction Technology
11/16/2024,S349,Diesel Service Technology
11/16/2024,S179,Public Safety Criminal Justice
11/16/2024,S154,Public Safety Criminal Justice
11/16/2024,S305,Welding Technology
11/16/2024,S119,HVAC -R and Energy Systems
11/16/2024,S179,Public Safety Criminal Justice
11/16/2024,S119,Electrical Technology
11/16/2024,S028,Media Communications and Broadcasting
11/16/2024,S353,Culinary Arts
11/16/2024,S177,Building Construction Technology
11/16/2024,S093,Diesel Service Technology
11/16/2024,S193,Graphic Communications Digital Media
11/16/2024,S189,Building Construction Technology
11/16/2024,S052,Cyber Security
11/16/2024,S141,Veterinary Science
11/16/2024,S166,Graphic Communications Digital Media
11/16/2024,S085,Automotive Collision Repair Technology
11/16/2024,S119,Diesel Service Technology
11/16/2024,S166,Graphic Communications Digital Media
11/16/2024,S318,Culinary Arts
11/16/2024,S040,Public Safety Criminal Justice
11/16/2024,S213,Electrical Technology
11/16/2024,S188,Diesel Service Technology
11/16/2024,S333,Electrical Technology
11/16/2024,S261,Electrical Technology
11/16/2024,S273,Electrical Technology
11/16/2024,S239,Graphic Communications Digital Media
11/16/2024,S178,Graphic Communications Digital Media
11/16/2024,S176,Media Communications and Broadcasting
11/16/2024,S379,Public Safety Criminal Justice
11/16/2024,S153,Computer Science Software Development
11/16/2024,S152,Computer Science Software Development
11/16/2024,S006,Welding Technology
11/16/2024,S052,Cyber Security
11/16/2024,S265,Advanced Manufacturing Technology
11/16/2024,S188,Welding Technology
11/16/2024,S028,Computer Science Software Development
11/16/2024,S273,Advanced Manufacturing Technology
11/16/2024,S085,Welding Technology
11/16/2024,S052,Computer Science Software Development
11/16/2024,S030,Diesel Service Technology
11/16/2024,S042,Diesel Service Technology
11/16/2024,S018,Veterinary Science
11/16/2024,S054,Public Safety Criminal Justice
11/16/2024,S083,Media Communications and Broadcasting
11/16/2024,S018,Public Safety Criminal Justice
11/16/2024,S394,Diesel Service Technology
11/16/2024,S338,Health Science- Exercise Science
11/16/2024,S166,Media Communications and Broadcasting
11/16/2024,S042,Precision Machine Metalworking Technology
11/16/2024,S318,Media Communications and Broadcasting
11/16/2024,S096,Media Communications and Broadcasting
11/16/2024,S252,Welding Technology
11/16/2024,S042,Advanced Manufacturing Technology
11/16/2024,S318,Graphic Communications Digital Media
11/16/2024,S317,Public Safety Criminal Justice
11/16/2024,S288,Public Safety Criminal Justice
11/16/2024,S030,Advanced Manufacturing Technology
11/16/2024,S018,Advanced Manufacturing Technology
11/16/2024,S040,Public Safety Criminal Justice
11/6/2024,A2A,Automotive Collision Repair Technology
11/6/2024,A2A,Automotive Collision Repair Technology
11/6/2024,C0E,Automotive Collision Repair Technology
11/6/2024,A30,Automotive Collision Repair Technology
11/6/2024,C2A,Automotive Collision Repair Technology
11/6/2024,B04,Automotive Collision Repair Technology
11/6/2024,B32,Automotive Collision Repair Technology
11/6/2024,B3C,Automotive Collision Repair Technology
11/16/2024,S096,HVAC -R and Energy Systems
11/16/2024,S055,HVAC -R and Energy Systems
11/16/2024,S277,HVAC -R and Energy Systems
11/16/2024,S180,HVAC -R and Energy Systems
11/16/2024,S049,HVAC -R and Energy Systems
11/16/2024,S157,HVAC -R and Energy Systems
11/16/2024,S093,HVAC -R and Energy Systems
11/16/2024,S096,HVAC -R and Energy Systems
11/16/2024,S325,HVAC -R and Energy Systems
11/6/2024,B14,HVAC -R and Energy Systems
11/16/2024,S119,HVAC -R and Energy Systems
11/16/2024,S394,HVAC -R and Energy Systems
11/16/2024,S165,HVAC -R and Energy Systems
11/16/2024,S228,HVAC -R and Energy Systems
11/16/2024,S188,HVAC -R and Energy Systems
11/6/2024,C17,Media Communications and Broadcasting
11/6/2024,C2C,Media Communications and Broadcasting
11/6/2024,A38,Media Communications and Broadcasting
11/6/2024,B3C,Media Communications and Broadcasting
11/6/2024,B43,Media Communications and Broadcasting
11/6/2024,C3E,Media Communications and Broadcasting
11/6/2024,B42,Media Communications and Broadcasting
11/6/2024,B25,Media Communications and Broadcasting
11/6/2024,C27,Media Communications and Broadcasting
11/6/2024,C26,Cyber Security
11/6/2024,A24,Cyber Security
11/6/2024,B2F,Cyber Security
11/16/2024,A223,Cyber Security
11/6/2024,B28,Health Science- Exercise Science
11/6/2024,B2A,Health Science- Exercise Science
11/16/2024,S239,Electrical Technology
11/16/2024,S007,Electrical Technology
11/16/2024,S359,Electrical Technology
11/16/2024,S262,Electrical Technology
11/16/2024,S156,Electrical Technology
11/16/2024,S085,Electrical Technology
11/16/2024,S084,Electrical Technology
11/16/2024,S325,Electrical Technology
11/16/2024,S277,Electrical Technology
11/16/2024,S178,Electrical Technology
11/16/2024,S259,Electrical Technology
11/16/2024,S316,Electrical Technology
11/16/2024,S096,Electrical Technology
11/16/2024,S045,Electrical Technology
11/16/2024,S269?,Electrical Technology
11/16/2024,S057,Electrical Technology
11/16/2024,S181,Electrical Technology
11/6/2024,C1C?,Electrical Technology
11/6/2024,A27,Electrical Technology
11/6/2024,C31,Electrical Technology
11/6/2024,B25,Electrical Technology
11/6/2024,C20,Electrical Technology
11/16/2024,S333,Electrical Technology
11/6/2024,A34,Electrical Technology
11/6/2024,A30,Electrical Technology
11/16/2024,S345,Electrical Technology
11/16/2024,S055,Electrical Technology
11/16/2024,S337,Electrical Technology
11/16/2024,S245,Electrical Technology
11/16/2024,S295,Health Science- Pre-Professional
11/16/2024,S067,Health Science- Pre-Professional
11/16/2024,S035,Health Science- Pre-Professional
11/16/2024,S304,Health Science- Pre-Professional
11/16/2024,S143,Health Science- Pre-Professional
11/16/2024,S034,Health Science- Pre-Professional
11/16/2024,S247,Health Science- Pre-Professional
11/16/2024,S306,Health Science- Pre-Professional
11/16/2024,S345,Health Science- Pre-Professional
11/16/2024,S298,Health Science- Pre-Professional
11/16/2024,S325,Health Science- Pre-Professional
11/16/2024,S192,Health Science- Pre-Professional
11/6/2024,C34,Health Science- Pre-Professional
11/6/2024,C15,Health Science- Pre-Professional
11/6/2024,C3C,Health Science- Pre-Professional
11/6/2024,C2D,Health Science- Pre-Professional
11/6/2024,B3B,Health Science- Pre-Professional
11/6/2024,A36,Health Science- Pre-Professional
11/6/2024,C33,Health Science- Pre-Professional
11/6/2024,C39,Health Science- Pre-Professional
11/6/2024,C3B,Health Science- Pre-Professional
11/6/2024,C1E,Health Science- Pre-Professional
11/6/2024,A0F,Health Science- Pre-Professional
11/6/2024,B0F,Health Science- Pre-Professional
11/6/2024,A3A,Health Science- Pre-Professional
11/6/2024,B2A,Health Science- Pre-Professional
11/6/2024,A28,Health Science- Pre-Professional
11/6/2024,B0C,Health Science- Pre-Professional
11/6/2024,C1A,Health Science- Pre-Professional
11/6/2024,B1A,Health Science- Pre-Professional
11/6/2024,C3D,Health Science- Pre-Professional
11/6/2024,B15,Health Science- Pre-Professional
11/6/2024,C08,Health Science- Pre-Professional
11/6/2024,B33,Health Science- Pre-Professional
11/6/2024,A37,Health Science- Pre-Professional
11/6/2024,B3D,Health Science- Pre-Professional
11/6/2024,C27,Health Science- Pre-Professional
11/6/2024,C21,Health Science- Pre-Professional
11/6/2024,B03,Health Science- Pre-Professional
11/6/2024,A01,Health Science- Pre-Professional
11/6/2024,B2A,Health Science- Pre-Professional
11/6/2024,C06,Health Science- Pre-Professional
11/6/2024,B39,Health Science- Pre-Professional
11/6/2024,A09,Health Science- Pre-Professional
11/6/2024,C09,Health Science- Pre-Professional
11/16/2024,S140,Health Science- Pre-Professional
11/16/2024,S128,Health Science- Pre-Professional
11/16/2024,S301,Health Science- Pre-Professional
11/16/2024,S080,Health Science- Pre-Professional
11/16/2024,S313,Health Science- Pre-Professional
11/16/2024,S287,Health Science- Pre-Professional
11/6/2024,A2D,Health Science- Pre-Professional
11/16/2024,S031,Health Science- Pre-Professional
11/16/2024,S013,Health Science- Pre-Professional
11/6/2024,B1B,Health Science- Pre-Professional
11/16/2024,S025,Health Science- Pre-Professional
11/16/2024,S322,Health Science- Pre-Professional
11/16/2024,S163,Health Science- Pre-Professional
11/16/2024,S215,Health Science- Pre-Professional
11/16/2024,S235,Health Science- Pre-Professional
11/16/2024,S167,Health Science- Pre-Professional
11/16/2024,S155,Health Science- Pre-Professional
11/16/2024,S127,Health Science- Pre-Professional
11/16/2024,S040,Health Science- Pre-Professional
11/16/2024,S330,Health Science- Pre-Professional
11/16/2024,S191,Health Science- Pre-Professional
11/16/2024,S283,Health Science- Pre-Professional
11/16/2024,S331,Health Science- Pre-Professional
11/16/2024,S130,Health Science- Pre-Professional
11/16/2024,S319,Health Science- Pre-Professional
11/16/2024,S016,Health Science- Pre-Professional
11/16/2024,S340,Health Science- Pre-Professional
11/16/2024,S108,Health Science- Pre-Professional
11/16/2024,S338,Health Science- Pre-Professional
11/16/2024,S201,Health Science- Pre-Professional
11/16/2024,S069,Health Science- Pre-Professional
11/16/2024,S081,Health Science- Pre-Professional
11/16/2024,S070,Health Science- Pre-Professional
11/16/2024,S333,Diesel Service Technology
11/6/2024,C20,Diesel Service Technology
11/16/2024,S048,Diesel Service Technology
11/16/2024,S042,Diesel Service Technology
11/16/2024,S030,Diesel Service Technology
11/16/2024,S394,Diesel Service Technology
11/6/2024,B19,Diesel Service Technology
11/6/2024,A1E,Diesel Service Technology
11/6/2024,C23,Diesel Service Technology
11/6/2024,A29,Diesel Service Technology
11/6/2024,B32,Diesel Service Technology
11/6/2024,C2E,Diesel Service Technology
11/6/2024,A2E,Diesel Service Technology
11/6/2024,A21,Diesel Service Technology
11/6/2024,C2F,Diesel Service Technology
11/6/2024,A2E,Diesel Service Technology
11/6/2024,B37,Diesel Service Technology
11/6/2024,C35,Diesel Service Technology
11/6/2024,A35,Diesel Service Technology
11/6/2024,B3A,Diesel Service Technology
11/6/2024,B3C,Diesel Service Technology
11/16/2024,S029,Diesel Service Technology
11/16/2024,S056,Diesel Service Technology
11/16/2024,S190,Diesel Service Technology
11/16/2024,S049,Diesel Service Technology
11/16/2024,S080,Diesel Service Technology
11/16/2024,S361,Diesel Service Technology
11/16/2024,S358,Diesel Service Technology
11/16/2024,S277,Diesel Service Technology
11/16/2024,S374,Diesel Service Technology
11/16/2024,S103,Diesel Service Technology
11/16/2024,S263,Diesel Service Technology
11/16/2024,S175,Diesel Service Technology
11/16/2024,S044,Diesel Service Technology
11/16/2024,S131,Diesel Service Technology
11/16/2024,S263,Diesel Service Technology
11/16/2024,S192,Diesel Service Technology
11/16/2024,S165,Diesel Service Technology
11/16/2024,S188,Diesel Service Technology
11/6/2024,A22,Precision Machine Metalworking Technology
11/6/2024,C38,Precision Machine Metalworking Technology
11/16/2024,S394,Precision Machine Metalworking Technology
11/16/2024,S325,Precision Machine Metalworking Technology
11/16/2024,S262,Precision Machine Metalworking Technology
11/16/2024,S193,Precision Machine Metalworking Technology
11/16/2024,S310,Precision Machine Metalworking Technology
11/16/2024,S061,Precision Machine Metalworking Technology
11/16/2024,S157,Precision Machine Metalworking Technology
11/16/2024,S093,Precision Machine Metalworking Technology
11/16/2024,S178,Precision Machine Metalworking Technology
11/16/2024,S28U,Precision Machine Metalworking Technology
11/16/2024,S094,Health Science- Pre-Professional
11/16/2024,S281,Health Science- Pre-Professional
11/16/2024,S364,Health Science- Pre-Professional
11/16/2024,S246,Health Science- Pre-Professional
11/16/2024,S141,Health Science- Pre-Professional
11/6/2024,C27,Health Science- Pre-Professional
11/16/2024,S288,Health Science- Pre-Professional
11/6/2024,C1C,Health Science- Pre-Professional
11/6/2024,B1B,Health Science- Pre-Professional
11/6/2024,B3B,Health Science- Pre-Professional
11/6/2024,C37,Health Science- Pre-Professional
11/6/2024,B41,Health Science- Pre-Professional
11/6/2024,C32,Welding Technology
11/6/2024,C31,Welding Technology
11/6/2024,A24,Welding Technology
11/6/2024,B40,Welding Technology
11/6/2024,B27,Welding Technology
11/6/2024,B31,Welding Technology
11/6/2024,A38,Welding Technology
11/6/2024,A1F,Welding Technology
11/6/2024,A22,Welding Technology
11/6/2024,A10,Welding Technology
11/6/2024,A2C,Welding Technology
11/6/2024,,Welding Technology
11/6/2024,A14,Culinary Arts
11/6/2024,C17,Culinary Arts
11/6/2024,B18,Culinary Arts
11/6/2024,A15,Culinary Arts
11/6/2024,C2B,Culinary Arts
11/6/2024,B24,Culinary Arts
11/6/2024,A38,Culinary Arts
11/6/2024,B3E,Culinary Arts
11/6/2024,A11,Culinary Arts
11/6/2024,A10,Culinary Arts
11/6/2024,B2C,Culinary Arts
11/6/2024,B33,Culinary Arts
11/6/2024,C3D,Culinary Arts
11/6/2024,B43,Culinary Arts
11/16/2024,S361,Culinary Arts
11/16/2024,S393,Culinary Arts
11/16/2024,S169,Culinary Arts
11/16/2024,S299,Culinary Arts
11/16/2024,S335,Culinary Arts
11/16/2024,S247,Culinary Arts
11/16/2024,S067,Culinary Arts
11/16/2024,S204,Culinary Arts
11/16/2024,S141,Culinary Arts
11/16/2024,S298,Culinary Arts
11/6/2024,B18,Culinary Arts
11/16/2024,S353,Culinary Arts
11/16/2024,S318,Culinary Arts
11/16/2024,S331,Culinary Arts
11/16/2024,S314,Architecture and Engineering Design Technology
11/16/2024,S294,Architecture and Engineering Design Technology
11/16/2024,S282,Architecture and Engineering Design Technology
11/16/2024,S105,Architecture and Engineering Design Technology
11/16/2024,S192,Architecture and Engineering Design Technology
11/16/2024,S132,Architecture and Engineering Design Technology
11/16/2024,S117,Architecture and Engineering Design Technology
11/16/2024,S190,Architecture and Engineering Design Technology
11/16/2024,S238,Architecture and Engineering Design Technology
11/16/2024,S310,Architecture and Engineering Design Technology
11/16/2024,S250,Architecture and Engineering Design Technology
11/16/2024,S043,Architecture and Engineering Design Technology
11/16/2024,S097,Architecture and Engineering Design Technology
11/16/2024,S370,Architecture and Engineering Design Technology
11/16/2024,S383,Architecture and Engineering Design Technology
11/16/2024,S282,Architecture and Engineering Design Technology
11/16/2024,S193,Architecture and Engineering Design Technology
11/6/2024,B34,Architecture and Engineering Design Technology
11/6/2024,B34,Architecture and Engineering Design Technology
11/6/2024,A16,Building Construction Technology
11/6/2024,B1C,Building Construction Technology
11/6/2024,A03,Building Construction Technology
11/6/2024,C0E,Building Construction Technology
11/6/2024,A27,Building Construction Technology
11/6/2024,B0E,Building Construction Technology
11/6/2024,A18,Building Construction Technology
11/6/2024,C16,Building Construction Technology
11/6/2024,B3C,Building Construction Technology
11/6/2024,A0C,Building Construction Technology
11/6/2024,B0C,Building Construction Technology
11/6/2024,B18,Building Construction Technology
11/6/2024,A22,Building Construction Technology
11/6/2024,B09,Building Construction Technology
11/6/2024,C16,Building Construction Technology
11/6/2024,C23,Building Construction Technology
11/6/2024,C1F,Building Construction Technology
11/6/2024,B1D,Building Construction Technology
11/6/2024,A33,Building Construction Technology
11/6/2024,B38,Building Construction Technology
11/6/2024,C36,Building Construction Technology
11/6/2024,B42,Building Construction Technology
11/6/2024,C3E,Building Construction Technology
11/6/2024,A1C,Advanced Manufacturing Technology
11/6/2024,B3C,Advanced Manufacturing Technology
11/6/2024,C32,Advanced Manufacturing Technology
11/6/2024,A32,Advanced Manufacturing Technology
11/6/2024,C3E,Advanced Manufacturing Technology
11/6/2024,B42,Advanced Manufacturing Technology
11/6/2024,A24,Advanced Manufacturing Technology
11/6/2024,B26,Advanced Manufacturing Technology
11/6/2024,C28,Advanced Manufacturing Technology
11/6/2024,N2D,Advanced Manufacturing Technology
11/6/2024,A23,Advanced Manufacturing Technology
11/16/2024,S325,Advanced Manufacturing Technology
11/16/2024,S032,Advanced Manufacturing Technology
11/16/2024,S262,Advanced Manufacturing Technology
11/16/2024,S310,Advanced Manufacturing Technology
11/16/2024,S011,Advanced Manufacturing Technology
11/16/2024,S176,Advanced Manufacturing Technology
11/16/2024,S178,Advanced Manufacturing Technology
11/16/2024,S394,Advanced Manufacturing Technology
11/16/2024,S326,Advanced Manufacturing Technology
11/16/2024,S239,Advanced Manufacturing Technology
11/16/2024,S193,Advanced Manufacturing Technology
11/16/2024,S105,Advanced Manufacturing Technology
11/16/2024,S280,Advanced Manufacturing Technology
11/16/2024,S097,Advanced Manufacturing Technology
11/16/2024,S240,Advanced Manufacturing Technology
11/16/2024,S228,Advanced Manufacturing Technology
11/16/2024,S032,Automotive Service Technology
11/6/2024,A2C,Automotive Service Technology
11/16/2024,S358,Automotive Service Technology
11/16/2024,S175,Automotive Service Technology
11/16/2024,S131,Automotive Service Technology
11/16/2024,S103,Automotive Service Technology
11/6/2024,BT4,Automotive Service Technology
11/16/2024,S386,Automotive Service Technology
11/16/2024,S049,Automotive Service Technology
11/16/2024,S048,Automotive Service Technology
11/16/2024,S056,Automotive Service Technology
11/16/2024,S361,Automotive Service Technology
11/16/2024,S188,Automotive Service Technology
11/16/2024,S081,Automotive Service Technology
11/16/2024,S192,Automotive Service Technology
11/16/2024,S305,Automotive Service Technology
11/6/2024,B2B,Architecture and Engineering Design Technology
11/6/2024,C28,Architecture and Engineering Design Technology
11/6/2024,C20,Architecture and Engineering Design Technology
11/6/2024,B15,Architecture and Engineering Design Technology
11/6/2024,C2D,Architecture and Engineering Design Technology
11/6/2024,B43,Architecture and Engineering Design Technology
11/16/2024,S036,Architecture and Engineering Design Technology
11/16/2024,S383,Architecture and Engineering Design Technology
11/16/2024,S117,Architecture and Engineering Design Technology
11/16/2024,S145,Architecture and Engineering Design Technology
11/16/2024,S145,Architecture and Engineering Design Technology
11/16/2024,S120,Architecture and Engineering Design Technology
11/16/2024,S335,Architecture and Engineering Design Technology
11/16/2024,S105,Architecture and Engineering Design Technology
11/16/2024,S202,Architecture and Engineering Design Technology
11/16/2024,S057,Architecture and Engineering Design Technology
11/16/2024,S132,Architecture and Engineering Design Technology
11/16/2024,S153,Architecture and Engineering Design Technology
11/16/2024,S177,Architecture and Engineering Design Technology
11/16/2024,S189,Architecture and Engineering Design Technology
11/16/2024,S239,Architecture and Engineering Design Technology
11/16/2024,S265,Architecture and Engineering Design Technology
11/16/2024,S367,Architecture and Engineering Design Technology
11/16/2024,S365,Architecture and Engineering Design Technology
11/16/2024,S129,Architecture and Engineering Design Technology
11/16/2024,S178,Architecture and Engineering Design Technology
11/16/2024,S096,HVAC -R and Energy Systems
11/16/2024,S055,HVAC -R and Energy Systems
11/16/2024,S277,HVAC -R and Energy Systems
11/16/2024,S277,HVAC -R and Energy Systems
11/16/2024,S180,HVAC -R and Energy Systems
11/16/2024,S007,HVAC -R and Energy Systems
11/16/2024,S321,HVAC -R and Energy Systems
11/16/2024,S049,HVAC -R and Energy Systems
11/16/2024,S157,HVAC -R and Energy Systems
11/16/2024,S157,HVAC -R and Energy Systems
11/16/2024,S093,HVAC -R and Energy Systems
11/16/2024,S096,HVAC -R and Energy Systems
11/16/2024,S325,HVAC -R and Energy Systems
11/6/2024,B14,HVAC -R and Energy Systems
11/16/2024,S119,HVAC -R and Energy Systems
11/16/2024,S394,HVAC -R and Energy Systems
11/16/2024,S165,HVAC -R and Energy Systems
11/16/2024,S240,HVAC -R and Energy Systems
11/16/2024,S228,HVAC -R and Energy Systems
11/16/2024,S188,HVAC -R and Energy Systems
11/16/2024,445,Culinary Arts
11/16/2024,446,Culinary Arts
11/16/2024,447,Culinary Arts
11/16/2024,448,Culinary Arts
11/16/2024,445,Building Construction Technology
11/16/2024,493,Building Construction Technology
11/16/2024,501,Building Construction Technology
11/16/2024,S006,Building Construction Technology
11/16/2024,488,Building Construction Technology
11/16/2024,474,Building Construction Technology
11/6/2024,485,Cyber Security
11/6/2024,A34,Cyber Security
11/16/2024,447,Cyber Security
11/16/2024,S097,Cyber Security
11/16/2024,490,Electrical Technology
11/16/2024,497,Electrical Technology
11/16/2024,498,Electrical Technology
11/16/2024,486,Electrical Technology
11/16/2024,510,Electrical Technology
11/16/2024,495,Electrical Technology
11/16/2024,475,Electrical Technology
11/16/2024,483,Electrical Technology
11/16/2024,504,Electrical Technology
11/16/2024,502,Electrical Technology
11/16/2024,407,Automotive Service Technology
11/16/2024,471,Automotive Service Technology
11/16/2024,472,Automotive Service Technology
11/16/2024,473,Automotive Service Technology
11/16/2024,474,Automotive Service Technology
11/16/2024,475,Automotive Service Technology
11/16/2024,476,Automotive Service Technology
11/16/2024,477,Automotive Service Technology
11/16/2024,478,Automotive Service Technology
11/16/2024,479,Automotive Service Technology
11/16/2024,480,Automotive Service Technology
11/16/2024,444,Automotive Service Technology
11/16/2024,481,Automotive Service Technology
11/16/2024,482,Automotive Service Technology
11/6/2024,442,Welding Technology
11/6/2024,443,Welding Technology
11/6/2024,444,Welding Technology
11/6/2024,503,Veterinary Science
11/6/2024,504,Veterinary Science
11/6/2024,C22,Veterinary Science
11/6/2024,C0A,Veterinary Science
11/6/2024,B23,Veterinary Science
11/6/2024,B26,Veterinary Science
11/6/2024,B41,Veterinary Science
11/6/2024,C2D,Veterinary Science
11/6/2024,A1A,Veterinary Science
11/6/2024,A39,Veterinary Science
11/16/2024,S104,Veterinary Science
11/16/2024,455,Veterinary Science
11/16/2024,S311,Veterinary Science
11/16/2024,S251,Veterinary Science
11/16/2024,S073,Veterinary Science
11/16/2024,S298,Veterinary Science
11/16/2024,S355,Veterinary Science
11/16/2024,S216,Veterinary Science
11/6/2024,506,Architecture and Engineering Design Technology
11/16/2024,443,Architecture and Engineering Design Technology
11/16/2024,484,Architecture and Engineering Design Technology
11/6/2024,507,Architecture and Engineering Design Technology
11/6/2024,508,Architecture and Engineering Design Technology
11/16/2024,469,Architecture and Engineering Design Technology
11/16/2024,496,Architecture and Engineering Design Technology
11/16/2024,510,Architecture and Engineering Design Technology
11/16/2024,512,Architecture and Engineering Design Technology
11/16/2024,511,Architecture and Engineering Design Technology
11/6/2024,509,Building Construction Technology
11/6/2024,508,Building Construction Technology
11/16/2024,464,Health Science- Pre-Professional
11/16/2024,461,Health Science- Pre-Professional
11/16/2024,462,Health Science- Pre-Professional
11/16/2024,449,Health Science- Pre-Professional
11/16/2024,450,Health Science- Pre-Professional
11/16/2024,S012,Health Science- Pre-Professional
11/6/2024,454,Health Science- Pre-Professional
11/6/2024,456,Health Science- Pre-Professional
11/6/2024,457,Health Science- Pre-Professional
11/6/2024,458,Health Science- Pre-Professional
11/6/2024,459,Health Science- Pre-Professional
11/6/2024,460,Health Science- Pre-Professional
11/16/2024,465,Health Science- Pre-Professional
11/16/2024,466,Health Science- Pre-Professional
11/16/2024,467,Health Science- Pre-Professional
11/16/2024,468,Health Science- Pre-Professional
11/16/2024,469,Health Science- Pre-Professional
11/16/2024,451,Health Science- Pre-Professional
11/16/2024,452,Health Science- Pre-Professional
11/16/2024,453,Health Science- Pre-Professional
11/16/2024,448,Health Science- Pre-Professional
11/16/2024,515,Veterinary Science
11/16/2024,S037,Veterinary Science
11/16/2024,S301,Veterinary Science
11/16/2024,S010,Veterinary Science
11/16/2024,S060,Veterinary Science
11/16/2024,S107,Veterinary Science
11/16/2024,S391,Veterinary Science
11/16/2024,480,Veterinary Science
11/16/2024,S073,Veterinary Science
11/16/2024,S069,Veterinary Science
11/16/2024,S081,Veterinary Science
11/16/2024,S071,Veterinary Science
11/16/2024,S130,Veterinary Science
11/16/2024,487,Veterinary Science
11/16/2024,S361,Veterinary Science
11/16/2024,S048,Veterinary Science
11/16/2024,S287,Veterinary Science
11/6/2024,A2D,Veterinary Science
11/16/2024,S318,Veterinary Science
11/16/2024,S201,Veterinary Science
11/16/2024,469,Veterinary Science
11/16/2024,S094,Veterinary Science
11/16/2024,S034,Veterinary Science
11/16/2024,S258,Veterinary Science
11/16/2024,S331,Veterinary Science
11/16/2024,S369,Veterinary Science
11/16/2024,S338,Veterinary Science
11/16/2024,468,Veterinary Science
11/6/2024,479,Precision Machine Metalworking Technology
11/6/2024,491,Precision Machine Metalworking Technology
11/16/2024,494,Precision Machine Metalworking Technology
11/16/2024,487,Precision Machine Metalworking Technology
11/16/2024,495,Precision Machine Metalworking Technology
11/16/2024,496,Precision Machine Metalworking Technology
11/16/2024,479,Precision Machine Metalworking Technology
11/16/2024,478,Diesel Service Technology
11/16/2024,479,Diesel Service Technology
11/16/2024,443,Diesel Service Technology
11/16/2024,473,Diesel Service Technology
11/16/2024,448,Diesel Service Technology
11/16/2024,483,Diesel Service Technology
11/16/2024,444,Diesel Service Technology
11/16/2024,490,Diesel Service Technology
11/16/2024,475,Diesel Service Technology
11/16/2024,486,Diesel Service Technology
11/16/2024,S181,Welding Technology
11/6/2024,502,Building Construction Technology
11/6/2024,491,Building Construction Technology
11/16/2024,S371,Automotive Collision Repair Technology
11/16/2024,S157,Automotive Collision Repair Technology
11/16/2024,S374,Automotive Collision Repair Technology
11/16/2024,478,Automotive Collision Repair Technology
11/16/2024,479,Automotive Collision Repair Technology
11/16/2024,S263,Automotive Collision Repair Technology
11/16/2024,S131,Automotive Collision Repair Technology
11/16/2024,S358,Automotive Collision Repair Technology
11/16/2024,513,Automotive Collision Repair Technology
11/16/2024,411,Automotive Collision Repair Technology
11/16/2024,475,Automotive Collision Repair Technology
11/16/2024,S139,Automotive Collision Repair Technology
11/6/2024,B40,Automotive Collision Repair Technology
11/16/2024,S061,Automotive Collision Repair Technology
11/16/2024,S029,Automotive Collision Repair Technology
11/16/2024,S044,Automotive Collision Repair Technology
11/16/2024,S056,Automotive Collision Repair Technology
11/16/2024,S165,Automotive Collision Repair Technology
11/6/2024,B25,Automotive Collision Repair Technology
11/16/2024,482,Automotive Collision Repair Technology
11/16/2024,S085,Automotive Collision Repair Technology
11/16/2024,471,Automotive Collision Repair Technology
11/16/2024,S119,Automotive Collision Repair Technology
11/16/2024,S176,Automotive Collision Repair Technology
11/16/2024,490,HVAC -R and Energy Systems
11/16/2024,498,HVAC -R and Energy Systems
11/16/2024,497,HVAC -R and Energy Systems
11/16/2024,S096,HVAC -R and Energy Systems
11/16/2024,S055,HVAC -R and Energy Systems
11/16/2024,S277,HVAC -R and Energy Systems
11/6/2024,A33,HVAC -R and Energy Systems
11/16/2024,S180,HVAC -R and Energy Systems
11/16/2024,500,HVAC -R and Energy Systems
11/16/2024,S007,HVAC -R and Energy Systems
11/16/2024,S321,HVAC -R and Energy Systems
11/16/2024,S049,HVAC -R and Energy Systems
11/16/2024,494,HVAC -R and Energy Systems
11/16/2024,S157,HVAC -R and Energy Systems
11/16/2024,S045,HVAC -R and Energy Systems
11/16/2024,S093,HVAC -R and Energy Systems
11/16/2024,S096,HVAC -R and Energy Systems
11/16/2024,470,HVAC -R and Energy Systems
11/16/2024,S325,HVAC -R and Energy Systems
11/16/2024,S386,HVAC -R and Energy Systems
11/16/2024,S119,HVAC -R and Energy Systems
11/16/2024,S394,HVAC -R and Energy Systems
11/16/2024,492,HVAC -R and Energy Systems
11/16/2024,S165,HVAC -R and Energy Systems
11/16/2024,S240,HVAC -R and Energy Systems
11/16/2024,S228,HVAC -R and Energy Systems
11/16/2024,475,HVAC -R and Energy Systems
11/16/2024,483,HVAC -R and Energy Systems
11/16/2024,493,HVAC -R and Energy Systems
11/16/2024,S188,HVAC -R and Energy Systems
11/16/2024,479,HVAC -R and Energy Systems
11/16/2024,478,HVAC -R and Energy Systems
