first_name,integer
Carla,983
Allina,857
Truda,525
Stormy,551
Kellina,869
Dorian,939
Roselin,365
Chicky,432
Galven,637
Joe,977
Giusto,219
Shae,53
Lin,1000
Anet,336
Arvie,64
Christen,354
Sarge,623
Bancroft,129
Remington,946
Denni,690
Siana,410
Tybie,434
Cher,821
Maribeth,14
Lorianne,290
Launce,556
Mikkel,438
Melli,271
Diandra,135
Dav,214
Thomas,119
Delores,603
Hastings,438
Corney,542
Clemmy,848
Shellysheldon,782
Sharona,302
Margy,866
Cissy,776
Lyndy,974
Sascha,953
Desiree,130
Titus,692
Corney,526
Hortensia,651
Philipa,935
Wilone,31
Kiele,235
Elladine,833
Gardner,21
Reinhold,156
Wilmar,4
Rasla,524
Cathlene,376
Loni,244
Olympe,367
Chantalle,972
Mateo,515
Alli,649
Emilee,997
Sherill,168
Bella,274
Jessie,924
Wallis,982
Pearline,140
Ethan,743
Karol,117
Esmeralda,288
Reynard,886
Sloane,967
Ruperta,553
Flynn,683
Matti,631
Haily,690
Duncan,551
Darbee,370
Natividad,333
Alvina,920
Babita,700
Flory,900
Berne,699
Florence,345
Salvador,226
Land,874
Holli,118
Nick,552
Crin,170
Kassi,939
Hamilton,214
Carie,488
Remus,423
Nicol,779
Gianna,705
Kaila,829
Tobye,587
Nate,23
Rochell,286
Mina,38
Sol,847
Ophelia,99
Tommy,75
Carney,903
Rabi,684
Joela,559
Demetris,500
Dottie,288
Ignazio,360
Gelya,220
Christoph,224
Robina,773
Sianna,371
Mella,163
James,148
Sarena,426
Jewell,49